{
  "toEUR": 0.87815,
  "toGBP": 0.78569,
  "toCAD": 1.31715,
  "toINR": 69.3492,
  "toMXN": 19.2316,
  "toAUD": 1.43534,
  "toCNY": 6.88191,
  "toMYR": 4.13785,
  "toCOP": 3203.18
}
